{
    "LAYING": {
        "precision": 0.9845679012345679,
        "recall": 0.8200514138817481,
        "f1-score": 0.8948106591865358
    },
    "SITTING": {
        "precision": 0.48854961832061067,
        "recall": 0.898876404494382,
        "f1-score": 0.6330365974282888
    },
    "STANDING": {
        "precision": 0.8145161290322581,
        "recall": 0.2650918635170604,
        "f1-score": 0.4
    },
    "WALKING": {
        "precision": 0.9047619047619048,
        "recall": 0.7180232558139535,
        "f1-score": 0.8006482982171799
    },
    "WALKING_DOWNSTAIRS": {
        "precision": 0.7841726618705036,
        "recall": 0.7758007117437722,
        "f1-score": 0.7799642218246869
    },
    "WALKING_UPSTAIRS": {
        "precision": 0.687192118226601,
        "recall": 0.9029126213592233,
        "f1-score": 0.7804195804195804
    }
}